<?xml version="1.0" encoding="UTF-8"?>
<!DOCTYPE hibernate-configuration SYSTEM "classpath://com/virtusa/model/idgenerate/hibernate-configuration-3.0.dtd">
<hibernate-configuration>

	<session-factory>

		<mapping class="com.virtusa.model.Admin" />
		<mapping class="com.virtusa.model.Service1" />
		<mapping class="com.virtusa.model.Feedback" />
		<mapping class="com.virtusa.model.ContactUs" />
		<mapping class="com.virtusa.model.Booking" />
		<mapping class="com.virtusa.model.BookingMap" />
		<mapping class="com.virtusa.model.Identity"/>
		<mapping class="com.virtusa.model.Passenger" />
		<mapping class="com.virtusa.model.Payment" />
		<mapping class="com.virtusa.model.Card"/>
	</session-factory>

</hibernate-configuration>    